<?xml version="1.0"?>
<config xmlns:xsi="http://www.w3.org/2001/XMLSchema-instance" xsi:noNamespaceSchemaLocation="urn:magento:framework:ObjectManager/etc/config.xsd">
	<type name="Magento\Framework\View\Element\UiComponent\DataProvider\CollectionFactory">
		<arguments>
			<argument name="collections" xsi:type="array">
				<item name="ced_slider_slide_listing_data_source" xsi:type="string">
					Ced\Slider\Model\ResourceModel\Slide\Collection
				</item>
			</argument>
		</arguments>
	</type>
	<virtualType name="Ced\Slider\Model\ResourceModel\Slide\Collection" type="Magento\Framework\View\Element\UiComponent\DataProvider\SearchResult">
		<arguments>
			<argument name="mainTable" xsi:type="string">
				slider_table
			</argument>
			<argument name="resourceModel" xsi:type="string">
				Ced\Slider\Model\ResourceModel\Slide
			</argument>
		</arguments>
	</virtualType>
</config>
