<?xml version="1.0"?>
<!-- /**
*Create table for slider
 **/ -->
<schema xmlns:xsi="http://www.w3.org/2001/XMLSchema-instance"
    xsi:noNamespaceSchemaLocation="urn:magento:framework:Setup/Declaration/Schema/etc/schema.xsd">
    <table name="cedslider_table" resource="default" engine="innodb" comment="Ced_Slider">
        <column xsi:type="int" name="slider_id" identity="true" unsigned="true" nullable="false" comment="Slider Id" />
        <column xsi:type="text" name="slider_image" nullable="false" comment="Slider Image" />
        <column xsi:type="text" name="slider_image_name" nullable="false" comment="Slider Image Name" />
        <column xsi:type="text" name="slider_description" nullable="false" comment="Slider Description" />
        <column xsi:type="int" name="sort_order" comment="Sort Order" />
        <constraint xsi:type="primary" referenceId="PRIMARY">
            <column name="slider_id" />
        </constraint>
    </table>
</schema>