<?xml version="1.0"?>
<config xmlns:xsi="http://www.w3.org/2001/XMLSchema-instance" xsi:noNamespaceSchemaLocation="urn:magento:framework:ObjectManager/etc/config.xsd">
	<virtualType name="Ced\Cedslide\Model\ResourceModel\Slidedata\Slidedata\Collection" type="Magento\Framework\View\Element\UiComponent\DataProvider\SearchResult">
		<arguments>
			<argument name="mainTable" xsi:type="string">
				cedslider_table
			</argument>
			<argument name="resourceModel" xsi:type="string">
				Ced\Cedslide\Model\ResourceModel\Slidedata
			</argument>
		</arguments>
	</virtualType>
	<type name="Magento\Framework\View\Element\UiComponent\DataProvider\CollectionFactory">
		<arguments>
			<argument name="collections" xsi:type="array">
				<item name="grid_record_grid_list_data_source" xsi:type="string">
					Ced\Cedslide\Model\ResourceModel\Slidedata\Slidedata\Collection
				</item>
			</argument>
		</arguments>
	</type>
</config>
