<?xml version="1.0"?>
<config xmlns:xsi="http://www.w3.org/2001/XMLSchema-instance"
        xsi:noNamespaceSchemaLocation="urn:magento:framework:ObjectManager/etc/config.xsd">
    <type name="Magento\Framework\View\Element\UiComponent\DataProvider\CollectionFactory">
        <arguments>
            <argument name="collections" xsi:type="array">
                <item name="employee_record_grid_list_data_source"
                      xsi:type="string">
                    Ced\Employee\Model\ResourceModel\Attribute\Grid\AttrCollection
                </item>
            </argument>
        </arguments>
    </type>
    <type name="Magento\Framework\View\Element\UiComponent\DataProvider\CollectionFactory">
        <arguments>
            <argument name="collections" xsi:type="array">
                <item name="employee_listing_data_source"
                      xsi:type="string">
                    Ced\Employee\Model\ResourceModel\Employee\Grid\Collection
                </item>
            </argument>
        </arguments>
    </type>
    <!--
         for employee data from employee table

    <virtualType name="Ced\Employee\Model\ResourceModel\Employee\Collection"
                 type="Magento\Framework\View\Element\UiComponent\DataProvider\SearchResult">
        <arguments>
            <argument name="mainTable" xsi:type="string">
                ced_employee_entity
            </argument>
            <argument name="resourceModel" xsi:type="string">
                Ced\Employee\Model\ResourceModel\Employee
            </argument>
        </arguments>
    </virtualType>
    <type name="Magento\Framework\View\Element\UiComponent\DataProvider\CollectionFactory">
        <arguments>
            <argument name="collections" xsi:type="array">
                <item name="employee_listing_record_grid_list_data_source" xsi:type="string">
                    Ced\Employee\Model\ResourceModel\Employee\Collection
                </item>
            </argument>
        </arguments>
    </type>-->
</config>
